<?xml version="1.0" encoding="UTF-8" standalone="yes"?>
<!--
  ~ This file is part of Impact Installer.
  ~
  ~ Copyright (C) 2019  ImpactDevelopment and contributors
  ~
  ~ See the CONTRIBUTORS.md file for a list of copyright holders
  ~
  ~ This library is free software; you can redistribute it and/or
  ~ modify it under the terms of the GNU Lesser General Public
  ~ License as published by the Free Software Foundation; version 2.1
  ~ of the License.
  ~
  ~ This library is distributed in the hope that it will be useful,
  ~ but WITHOUT ANY WARRANTY; without even the implied warranty of
  ~ MERCHANTABILITY or FITNESS FOR A PARTICULAR PURPOSE.  See the GNU
  ~ Lesser General Public License for more details.
  ~
  ~ You should have received a copy of the GNU Lesser General Public
  ~ License along with this library; if not, write to the Free Software
  ~ Foundation, Inc., 51 Franklin Street, Fifth Floor, Boston, MA  02110-1301  USA
  -->

<assembly xmlns="urn:schemas-microsoft-com:asm.v1" manifestVersion="1.0">
    <trustInfo xmlns="urn:schemas-microsoft-com:asm.v3">
        <security>
            <requestedPrivileges>
                <requestedExecutionLevel level="asInvoker" uiAccess="false"/>
            </requestedPrivileges>
        </security>
    </trustInfo>
    <application xmlns="urn:schemas-microsoft-com:asm.v3">
        <windowsSettings>
            <dpiAware xmlns="http://schemas.microsoft.com/SMI/2005/WindowsSettings">true</dpiAware>
        </windowsSettings>
    </application>
    <compatibility xmlns="urn:schemas-microsoft-com:compatibility.v1">
        <application>
            <supportedOS Id="{e2011457-1546-43c5-a5fe-008deee3d3f0}"/>
            <supportedOS Id="{35138b9a-5d96-4fbd-8e2d-a2440225f93a}"/>
        </application>
    </compatibility>
</assembly>